{
    "algorithm": "SPSO",
    "scenario": "Scenario_2_Baseline",
    "gbest_fitness": 13177.98828125,
    "total_time_s": 2.8068578243255615,
    "n_particles": 500,
    "max_iter": 700,
    "N_uavs": 8,
    "convergence_history": [
        66455.03125,
        44948.24609375,
        38780.640625,
        35103.0,
        31692.876953125,
        30380.248046875,
        29226.71484375,
        27347.123046875,
        26054.59765625,
        24738.248046875,
        23364.125,
        22793.150390625,
        22183.7734375,
        21558.1796875,
        20981.53125,
        20663.240234375,
        20312.322265625,
        19556.251953125,
        19195.591796875,
        18677.474609375,
        18384.28125,
        18075.39453125,
        17919.60546875,
        17684.70703125,
        17520.462890625,
        17374.912109375,
        17242.40234375,
        16876.46484375,
        16558.96875,
        16449.923828125,
        16149.4794921875,
        15926.6865234375,
        15853.7890625,
        15574.8193359375,
        15474.00390625,
        15367.0791015625,
        15205.521484375,
        15130.6162109375,
        15050.1640625,
        14989.9140625,
        14913.5234375,
        14857.015625,
        14831.34765625,
        14687.291015625,
        14649.6015625,
        14639.958984375,
        14606.681640625,
        14581.5703125,
        14550.8193359375,
        14497.8876953125,
        14451.978515625,
        14402.0537109375,
        14337.814453125,
        14288.15625,
        14253.3447265625,
        14177.203125,
        14163.3369140625,
        14154.6572265625,
        14124.98046875,
        14112.4404296875,
        14106.86328125,
        14094.373046875,
        14086.9033203125,
        14076.232421875,
        14053.8759765625,
        14044.8359375,
        14024.1689453125,
        13983.2880859375,
        13955.234375,
        13935.05859375,
        13908.720703125,
        13879.517578125,
        13855.548828125,
        13828.64453125,
        13809.951171875,
        13779.201171875,
        13759.283203125,
        13741.693359375,
        13731.587890625,
        13716.359375,
        13700.990234375,
        13691.28515625,
        13669.13671875,
        13664.533203125,
        13656.171875,
        13641.966796875,
        13637.58984375,
        13632.6552734375,
        13630.125,
        13624.7333984375,
        13621.177734375,
        13607.80078125,
        13598.6611328125,
        13592.537109375,
        13588.9580078125,
        13584.595703125,
        13578.46484375,
        13577.892578125,
        13577.380859375,
        13571.701171875,
        13568.7412109375,
        13565.626953125,
        13563.8212890625,
        13559.255859375,
        13558.0625,
        13557.626953125,
        13556.541015625,
        13555.751953125,
        13555.0166015625,
        13553.59375,
        13551.6328125,
        13549.017578125,
        13545.5634765625,
        13541.9326171875,
        13536.203125,
        13533.5009765625,
        13529.7724609375,
        13527.619140625,
        13524.951171875,
        13522.0810546875,
        13518.3125,
        13515.2236328125,
        13511.310546875,
        13507.7939453125,
        13504.380859375,
        13502.27734375,
        13499.517578125,
        13497.248046875,
        13496.9697265625,
        13496.458984375,
        13496.2734375,
        13496.2578125,
        13496.025390625,
        13495.58984375,
        13493.416015625,
        13491.904296875,
        13490.494140625,
        13488.6015625,
        13484.66015625,
        13481.8515625,
        13478.9296875,
        13475.625,
        13472.4052734375,
        13470.31640625,
        13468.0859375,
        13465.9140625,
        13463.677734375,
        13460.697265625,
        13458.65234375,
        13455.970703125,
        13453.3466796875,
        13451.921875,
        13450.244140625,
        13449.6884765625,
        13448.67578125,
        13447.94140625,
        13447.2880859375,
        13446.3828125,
        13445.3125,
        13444.6123046875,
        13444.07421875,
        13443.599609375,
        13442.939453125,
        13442.2197265625,
        13441.783203125,
        13441.388671875,
        13440.857421875,
        13440.1044921875,
        13439.560546875,
        13439.46875,
        13439.0810546875,
        13438.67578125,
        13438.49609375,
        13438.248046875,
        13438.109375,
        13438.064453125,
        13437.3388671875,
        13436.552734375,
        13436.255859375,
        13436.142578125,
        13435.955078125,
        13435.861328125,
        13435.818359375,
        13435.701171875,
        13435.669921875,
        13435.5791015625,
        13435.53125,
        13435.4287109375,
        13435.3916015625,
        13435.3515625,
        13435.349609375,
        13435.310546875,
        13435.29296875,
        13435.28515625,
        13435.2646484375,
        13435.236328125,
        13435.212890625,
        13435.212890625,
        13435.2109375,
        13435.181640625,
        13435.166015625,
        13435.1640625,
        13435.1591796875,
        13435.140625,
        13435.140625,
        13435.1298828125,
        13435.12109375,
        13435.119140625,
        13435.1142578125,
        13435.1044921875,
        13435.09765625,
        13435.087890625,
        13435.0771484375,
        13435.0693359375,
        13435.0654296875,
        13435.05859375,
        13435.046875,
        13435.0390625,
        13435.0390625,
        13435.0390625,
        13435.03125,
        13435.0283203125,
        13435.025390625,
        13435.01953125,
        13435.017578125,
        13435.013671875,
        13435.009765625,
        13435.0068359375,
        13435.00390625,
        13435.0029296875,
        13435.001953125,
        13435.001953125,
        13435.001953125,
        13435.001953125,
        13435.0009765625,
        13435.0009765625,
        13435.0009765625,
        13435.0,
        13435.0,
        13435.0,
        13435.0,
        13435.0,
        13435.0,
        13434.9990234375,
        13434.998046875,
        13434.9970703125,
        13434.9951171875,
        13434.9931640625,
        13434.9912109375,
        13434.98828125,
        13434.9833984375,
        13434.974609375,
        13434.95703125,
        13434.9404296875,
        13434.9140625,
        13434.8896484375,
        13434.859375,
        13434.80078125,
        13434.748046875,
        13434.638671875,
        13434.5439453125,
        13434.439453125,
        13434.341796875,
        13434.2470703125,
        13434.1650390625,
        13434.083984375,
        13434.0078125,
        13433.9501953125,
        13433.8876953125,
        13433.8115234375,
        13433.728515625,
        13433.6748046875,
        13433.6044921875,
        13433.462890625,
        13433.3115234375,
        13433.103515625,
        13432.82421875,
        13432.615234375,
        13432.3583984375,
        13432.0517578125,
        13431.791015625,
        13431.708984375,
        13431.525390625,
        13431.29296875,
        13431.138671875,
        13430.8984375,
        13430.6748046875,
        13430.375,
        13429.9111328125,
        13429.2275390625,
        13428.6474609375,
        13428.02734375,
        13427.529296875,
        13427.078125,
        13426.306640625,
        13425.9453125,
        13425.61328125,
        13425.337890625,
        13425.06640625,
        13424.8779296875,
        13424.7919921875,
        13424.7548828125,
        13424.716796875,
        13424.6875,
        13424.6083984375,
        13424.576171875,
        13424.517578125,
        13424.486328125,
        13424.451171875,
        13424.396484375,
        13424.3310546875,
        13424.275390625,
        13424.15234375,
        13424.05078125,
        13423.83203125,
        13423.689453125,
        13423.42578125,
        13423.1953125,
