{
    "algorithm": "SPSO",
    "scenario": "Scenario_2_Baseline",
    "gbest_fitness": 14447.931640625,
    "total_time_s": 2.837083101272583,
    "n_particles": 500,
    "max_iter": 700,
    "N_uavs": 8,
    "convergence_history": [
        67261.59375,
        48828.25,
        39819.796875,
        35774.921875,
        32314.626953125,
        30824.6328125,
        29074.939453125,
        27913.72265625,
        26108.880859375,
        25512.705078125,
        24760.548828125,
        23005.3515625,
        22353.54296875,
        21642.994140625,
        21320.5546875,
        20765.365234375,
        20313.7734375,
        19930.16015625,
        19768.779296875,
        19536.91796875,
        19139.396484375,
        19068.34765625,
        18667.83203125,
        18464.712890625,
        18327.876953125,
        18082.03515625,
        17855.310546875,
        17531.78515625,
        17356.103515625,
        17183.201171875,
        16984.814453125,
        16923.3984375,
        16822.875,
        16692.208984375,
        16509.44921875,
        16383.51171875,
        16301.0263671875,
        16077.806640625,
        15969.9228515625,
        15933.9296875,
        15889.1328125,
        15840.2763671875,
        15777.919921875,
        15724.421875,
        15633.63671875,
        15583.4140625,
        15562.236328125,
        15540.630859375,
        15506.9599609375,
        15489.7900390625,
        15464.244140625,
        15443.197265625,
        15418.59765625,
        15320.55078125,
        15246.57421875,
        15226.7646484375,
        15199.439453125,
        15184.625,
        15164.072265625,
        15148.6982421875,
        15124.576171875,
        15102.98828125,
        15083.5927734375,
        15055.91015625,
        15035.2177734375,
        15015.8271484375,
        14989.693359375,
        14981.61328125,
        14969.9228515625,
        14962.1328125,
        14949.458984375,
        14943.548828125,
        14937.25390625,
        14922.984375,
        14891.7919921875,
        14841.544921875,
        14801.6337890625,
        14758.8662109375,
        14732.71875,
        14718.1357421875,
        14704.55859375,
        14681.916015625,
        14670.013671875,
        14662.228515625,
        14659.8681640625,
        14659.4619140625,
        14655.06640625,
        14652.794921875,
        14648.9150390625,
        14646.919921875,
        14638.599609375,
        14637.876953125,
        14636.4013671875,
        14635.595703125,
        14634.7353515625,
        14633.7890625,
        14631.0234375,
        14627.16015625,
        14622.5595703125,
        14613.7158203125,
        14606.818359375,
        14594.8232421875,
        14583.716796875,
        14579.349609375,
        14575.8046875,
        14573.9814453125,
        14571.4736328125,
        14569.765625,
        14568.556640625,
        14565.6337890625,
        14563.677734375,
        14561.82421875,
        14556.6728515625,
        14553.1162109375,
        14549.4619140625,
        14543.41015625,
        14539.955078125,
        14536.833984375,
        14535.8193359375,
        14532.189453125,
        14529.9130859375,
        14526.7373046875,
        14523.921875,
        14521.60546875,
        14518.59765625,
        14514.892578125,
        14511.56640625,
        14509.291015625,
        14507.716796875,
        14507.212890625,
        14506.79296875,
        14506.396484375,
        14506.0771484375,
        14505.8076171875,
        14505.314453125,
        14504.8232421875,
        14503.955078125,
        14503.3095703125,
        14502.853515625,
        14502.201171875,
        14501.830078125,
        14501.5185546875,
        14501.328125,
        14501.10546875,
        14500.9970703125,
        14500.9208984375,
        14500.8193359375,
        14500.6611328125,
        14500.421875,
        14500.2314453125,
        14499.8583984375,
        14499.5146484375,
        14499.1767578125,
        14498.83984375,
        14498.3681640625,
        14498.1123046875,
        14497.798828125,
        14497.716796875,
        14497.4130859375,
        14497.205078125,
        14497.166015625,
        14497.1298828125,
        14496.876953125,
        14496.701171875,
        14496.486328125,
        14496.2314453125,
        14495.9501953125,
        14495.7177734375,
        14495.505859375,
        14495.048828125,
        14494.697265625,
        14494.345703125,
        14493.97265625,
        14493.623046875,
        14493.3486328125,
        14493.115234375,
        14492.818359375,
        14492.494140625,
        14492.279296875,
        14492.083984375,
        14491.8955078125,
        14491.728515625,
        14491.37890625,
        14490.9755859375,
        14490.634765625,
        14490.294921875,
        14490.0478515625,
        14489.916015625,
        14489.787109375,
        14489.640625,
        14489.5224609375,
        14489.42578125,
        14489.3447265625,
        14489.126953125,
        14488.919921875,
        14488.6875,
        14488.51171875,
        14488.408203125,
        14488.2890625,
        14488.1875,
        14488.0869140625,
        14488.005859375,
        14487.9462890625,
        14487.900390625,
        14487.8310546875,
        14487.765625,
        14487.70703125,
        14487.681640625,
        14487.66015625,
        14487.63671875,
        14487.6123046875,
        14487.591796875,
        14487.5810546875,
        14487.578125,
        14487.576171875,
        14487.57421875,
        14487.5732421875,
        14487.5712890625,
        14487.5703125,
        14487.5703125,
        14487.568359375,
        14487.56640625,
        14487.5654296875,
        14487.556640625,
        14487.55078125,
        14487.5439453125,
        14487.53515625,
        14487.5234375,
        14487.51171875,
        14487.4892578125,
        14487.4775390625,
        14487.458984375,
        14487.451171875,
        14487.439453125,
        14487.4296875,
        14487.4228515625,
        14487.412109375,
        14487.396484375,
        14487.3681640625,
        14487.3369140625,
        14487.298828125,
        14487.259765625,
        14487.2060546875,
        14487.173828125,
        14487.1162109375,
        14487.072265625,
        14487.041015625,
        14487.03125,
        14487.02734375,
        14487.013671875,
        14487.0,
        14486.98046875,
        14486.9482421875,
        14486.9267578125,
        14486.884765625,
        14486.853515625,
        14486.81640625,
        14486.779296875,
        14486.7412109375,
        14486.6982421875,
        14486.65234375,
        14486.5947265625,
        14486.5654296875,
        14486.548828125,
        14486.5302734375,
        14486.525390625,
        14486.5166015625,
        14486.5029296875,
        14486.490234375,
        14486.4697265625,
        14486.4482421875,
        14486.421875,
        14486.384765625,
        14486.3544921875,
        14486.330078125,
        14486.3095703125,
        14486.294921875,
        14486.2861328125,
        14486.279296875,
        14486.275390625,
        14486.2705078125,
        14486.265625,
        14486.2587890625,
        14486.2529296875,
        14486.244140625,
        14486.232421875,
        14486.21875,
        14486.2080078125,
        14486.1875,
        14486.16015625,
        14486.130859375,
        14486.1025390625,
        14486.076171875,
        14486.0615234375,
        14486.041015625,
        14486.02734375,
        14486.0205078125,
        14486.0107421875,
        14485.986328125,
        14485.9677734375,
        14485.9482421875,
        14485.931640625,
        14485.919921875,
        14485.9130859375,
        14485.8974609375,
        14485.892578125,
        14485.8857421875,
        14485.8828125,
        14485.8818359375,
        14485.880859375,
        14485.87890625,
        14485.876953125,
        14485.8759765625,
        14485.875,
